feat1;feat2;label
6.066516687328133;3.523956100238749;2
2.1209811357830173;1.043359877671101;0
2.086590462925591;7.192658689864419;1
2.3955159735215235;6.54530627260263;1
4.764034067105284;5.044475298483683;2
7.945619925771571;2.2008558610494706;3
8.589720060360644;1.7654121739476476;3
8.048838049274416;1.6134951080722668;3
1.5459879622393944;1.2938481493323541;0
5.257523843153024;6.42636574532736;2
7.202786170602817;6.700312488523114;4
7.865296582777721;7.358771127897981;4
7.242404468900724;7.683437133722262;4
7.936041204259617;6.522229779699787;4
1.5402878828830984;7.77496720250877;1
7.743066541331653;6.470393239055524;4
8.475211919093026;1.7115481721687984;3
1.6991466938853015;2.926139092254469;0
7.990491896048655;1.4987353176810956;3
2.1718091447842305;1.118479922318633;0
8.761562038634828;7.2694550218423295;4
1.3359069755507846;2.0984306179345618;0
4.642348145370016;4.839798874467338;2
1.6083733538318814;6.838969241897162;1
8.428829811601009;1.9200307350182864;3
2.0485387746740202;2.4843224952664444;0
1.0406143923504794;6.986743062275392;1
2.732824384460777;1.887111849756732;0
1.760412881077355;1.9071705116680915;0
4.603739630783649;4.44263177926655;2
8.002621849859091;7.023490296882371;4
1.963994939209833;2.501766448946012;0
5.7930084080726765;3.8810922505865753;2
7.148308780322423;6.97222615055169;4
2.1620419846973977;1.8074588597918417;0
5.343130095187257;3.693642064405174;2
2.104431797502378;1.020164938060112;0
7.339883396489679;2.915729382927177;3
8.259673257120586;2.766369456501289;3
8.162083176244222;1.9349284728161578;3
3.9874287066711966;4.593227157384714;2
2.107046872065102;6.377130610644006;1
4.613587392731214;4.381590696629996;2
8.012255087129471;2.248999145622725;3
7.347765249747574;7.334836274415019;4
1.993251387631033;1.47114453552205;0
4.705317621527894;4.9248010485105125;2
2.406758608684835;6.3845678417830225;1
7.275957829251338;1.2962681128117224;3
2.043523534119086;1.850496324767066;0
4.87371592430342;3.8761084090175753;2
7.968660451363414;7.477571160250619;4
8.288278481527882;7.155625077271768;4
4.669106767615806;4.926216667398112;2
5.58158187607748;4.5051165305097935;2
1.4688481431369476;7.23679621531759;1
8.751178526048013;7.037047390209888;4
8.273548690585018;1.898903673783053;3
7.587251401603744;1.8393070791735033;3
7.723175347326409;6.401061053705575;4
8.307083350021713;7.378753855023652;4
8.412708174494014;2.4067548180003193;3
6.071972044662663;4.816959511159006;2
1.8773059419985647;6.623131917821255;1
4.369558022832478;4.958930973527388;2
8.487559866708876;1.9264713092489307;3
7.996013679341691;7.739972069445013;4
4.757318226085448;4.540937069693161;2
7.764480847190838;2.116024968678818;3
7.734749426194736;6.71209087967766;4
1.381524644560959;6.339771693457862;1
8.340976485647483;1.844866621703272;3
4.634816684141431;4.608229294790988;2
2.1252464251729384;7.173224104748488;1
8.822483856750642;6.875481980221811;4
2.481688064622161;7.206390463468249;1
2.165631715701782;2.4877725635611796;0
6.061078098506316;5.0162326302755735;2
1.4043482513986758;7.328276804316915;1
1.961449145292948;7.170575987408322;1
1.7682911535937689;1.7671351232148715;0
2.030115104970513;8.231621056242643;1
8.725571803897521;2.4796354130426033;3
7.650137246003707;7.106989955367111;4
7.5888898022167846;2.121843605745956;3
1.2246682844669337;7.034281487403014;1
5.056758672625624;4.831065337260523;2
5.882727120140548;4.702490855480478;2
7.517538269709948;7.343025729999219;4
5.449799937716626;4.653649760438305;2
1.446832512996986;1.4018966879596646;0
1.7278086377374087;2.055461294854933;0
2.180697802754207;2.7690182832329846;0
1.5803912383886807;1.8453938120743927;0
1.5957531985534061;1.7491214782077318;0
8.814307772785646;6.309949270892554;4
1.2607390048162863;1.6400778958026456;0
2.2366188122867725;6.963585543671564;1
8.322687974792574;7.684315778766174;4
5.541525621587638;5.026901026017452;2
1.8286427417366153;6.59886136538919;1
1.7767425239664894;7.428199397161736;1
4.924107452482208;4.7941586032422885;2
7.942730077373691;2.618908155986731;3
1.6599876392107547;7.116126848580501;1
2.738947022370758;1.7408648908631763;0
5.0321400095477316;3.961127611035347;2
7.989549203017926;2.058663691654391;3
2.9328872555723784;7.236916460455894;1
5.178507742982523;4.153545202369673;2
1.6615389998470207;2.305838144420434;0
7.196776839871214;7.1017318179336115;4
8.312059908526077;2.31417275463214;3
7.676713557878736;6.459225998192802;4
4.509245674476024;4.731051737131636;2
2.2483570765056164;1.9308678494144076;0
1.882923312638332;1.8829315215254097;0
2.146536236649341;6.642824290986816;1
1.6489734530613238;1.8361689267011159;0
5.178893680174141;4.780392263184117;2
4.2403150170229935;4.257882963566875;2
7.5855024945389635;1.719909479901515;3
7.4813769228367715;6.904830660958196;4
2.312833673882503;6.571421221791859;1
1.5552427851872384;6.592094857517281;1
8.155453782799002;2.737678108474776;3
7.550792664325821;2.245959585753253;3
1.5580712818994336;7.076862552972764;1
1.9820869804450243;2.782321827907003;0
2.7013971554680496;6.29907446860386;1
7.496991309250149;1.392905693606134;3
5.03490104249501;4.30734320156912;2
2.033764102343962;1.2876259068932716;0
8.843570817536282;7.440819878474725;4
7.143432735454561;2.6769361870827066;3
2.5154997612479755;2.4656400595580994;0
7.89115939838639;2.549388425993595;3
1.765262807032524;2.2712800217929825;0
4.399851796472112;4.332749382079526;2
2.406262911197099;2.6781200142854114;0
5.140495933867516;4.188650240089703;2
7.990743432003805;1.855670680539931;3
5.0995298477867355;4.1998915614206025;2
2.293428546900135;8.095227812904989;1
5.720636644533058;3.7820689244102805;2
5.633455574593311;4.14616526719061;2
7.5071369768322285;7.252023257758922;4
8.355807439044444;6.437678954081066;4
2.113729967302065;7.653571377141214;1
7.620433669223151;2.075196893238104;3
2.049825682543821;6.7482621729419;1
1.7351198981164806;2.256633716556678;0
7.993876613576543;1.5513728142570842;3
1.890164056081244;2.178556285755873;0
4.762527344419522;4.173335383713144;2
8.638832447894213;1.704214305582085;3
1.7696806145201063;2.5285611131094576;0
7.875517925760463;7.4857854754771775;4
8.112046240905208;2.0062962003908975;3
2.579297789503702;6.5896588408241445;1
2.045880388267751;1.0062155426995536;0
8.589648592031914;7.033759240705055;4
1.8039459234339212;1.2682425259339407;0
1.5766031409657975;6.242576387657068;1
7.580139078909612;1.700303677277989;3
7.590889658383264;3.0461936378427303;3
2.457701058851037;2.1643755548298422;0
4.895938874821362;4.253499532670584;2
8.345071995855557;1.799389764057082;3
2.7896064077536957;2.3837173645764542;0
5.285445255346583;5.067782820090299;2
2.943092950605265;7.087288906415919;1
5.816205651965817;3.7849293110196838;2
7.73487119081378;6.603563583868828;4
8.170877987888579;2.938085419607943;3
7.9438359751545855;6.889515200233388;4
2.0025567283212307;1.8827064333124264;0
8.579055436750034;2.395831346981468;3
1.5126591648863392;7.393542301871226;1
2.180818012523817;1.6774401226974378;0
7.232942914632189;7.638838410949255;4
1.1375410837434836;1.7188562353795136;0
8.122483285554361;1.7465284123144351;3
6.157329283336754;3.5663674037041257;2
1.464553750969444;7.241236207621593;1
2.411030079997245;7.948396491326974;1
8.183299123048425;6.530060106836323;4
7.946484820022721;6.4823788387903125;4
1.867671583381022;8.36008458329481;1
1.4935844398327882;2.157123666297637;0
1.4245032112888487;2.1878490091728358;0
2.5714114072575103;7.375966516343387;1
7.4083707436671125;5.98038391111995;4
3.379366329965464;3.987806179332855;2
2.4112724560515946;1.3895781750144889;0
8.037902279096864;1.661419144243944;3
2.129941397124212;7.390911435888655;1
8.192032724469653;6.983652625952954;4
4.779977756651508;4.565370288643046;2
8.060147815855949;7.257219417029375;4
8.982362566458194;7.017631775985865;4
1.5047318374346559;6.716851135198614;1
2.128775195361382;6.962777042116916;1
4.842365377679827;4.879484610246633;2
1.2923146289747929;6.78967733861732;1
9.53944040422762;7.559787455717288;4
7.640777889373782;1.8932764241440765;3
8.775575987761261;7.057837317146429;4
9.094901466608835;1.5958508573224242;3
8.038684153823809;6.569357899335868;4
8.166157005989795;6.625756731721723;4
6.966278949980062;6.9554399802436055;4
8.206465727137813;1.7181377235980126;3
1.9826441151473784;6.415660981190234;1
2.148060138532288;2.1305276360899446;0
2.0065009459389533;7.726767038578658;1
1.9421758588058797;1.8494481522053556;0
1.9038195176094388;7.150773671166807;1
7.4661897853087025;6.928810257489353;4
8.04849798249636;2.2975785127184567;3
7.6218246273578485;6.288873145201163;4
9.076591228755778;1.6163262185559752;3
6.938052137845096;1.7371224891596195;3
5.2219097140731146;4.887317026714668;2
0.6901274479551278;2.410951252187612;0
8.652739403577165;2.0105019208163797;3
7.862474151424178;5.849039417632207;4
2.3238442690503462;2.761514928204013;0
1.9193571441669954;7.20202542840727;1
5.40643105941948;4.814814420961806;2
4.536534764210958;4.4702373219691;2
8.37364680256163;2.3051851327167325;3
5.25751763360433;4.756892975456104;2
2.029104359223;6.428514851084689;1
5.0227859199519065;4.174199826197092;2
2.1383453996650097;7.413591624518012;1
7.774967264260378;7.31142496617375;4
2.2609707828084487;7.148492336616593;1
8.529212243424794;6.120630256788443;4
9.030373962440994;7.877670421221602;4
5.252493639490228;4.932877597085061;2
7.562190873307621;6.308600134517832;4
2.3692332899977053;2.085684140594985;0
8.43616031836034;2.091671002869176;3
1.1962583827193862;7.092316929266152;1
5.477000881746601;4.825695625652899;2
1.6996806550405976;1.8541531251033616;0
1.8882686073370745;7.357000247046046;1
8.161359280169044;1.5863845282238385;3
4.311165316021454;4.031087480042439;2
