x,y
34,95.5
29,27
46,49.5
40,109
4,40.5
18,49
47,83.5
21,53
-1,55.5
32,68
-28,102.5
29,66
45,69.5
26,65
32,79.5
-5,49
-11,107.5
37,119
62,110.5
-19,99
-3.55271e-15,132.5
-7,81
57,101.5
72,91
-10,139.5
-11,98
68,154.5
34,150
41,149.5
76,163
-14,109.5
66,114
19,94.5
30,121
-2,151.5
10,192
69,144.5
2,169
23,168.5
33,157
78,117.5
68,190
81,198.5
-3,168
49,218.5
28,182
73,192.5
37,139
25,215.5
94,171
96,204.5
36,215
70,140.5
101,144
22,236.5
58,203
8,229.5
94,193
74,243.5
54,176
51,188.5
43,179
110,235.5
95,242
24,196.5
83,228
114,227.5
104,242
25,262.5
39,206
49,255.5
54,216
26,208.5
94,260
33,209.5
66,246
123,222.5
46,247
75,255.5
51,262
110,297.5
96,240
74,264.5
127,217
69,283.5
60,236
124,280.5
81,318
66,294.5
99,268
73,285.5
79,265
118,246.5
118,263
103,339.5
75,284
82,342.5
66,280
92,265.5
78,286
127,263.5
95,325
66,302.5
60,307
59,287.5
84,360
126,291.5
75,373
83,322.5
130,365
151,383.5
134,312
107,379.5
69,331
119,380.5
135,379
109,363.5
165,309
124,308.5
118,318
93,337.5
171,355
119,382.5
114,339
86,329.5
81,323
138,354.5
156,332
99,365.5
124,358
103,399.5
90,353
165,397.5
108,379
147,368.5
86,383
139,448.5
167,402
157,425.5
163,388
172,389.5
125,456
153,427.5
193,448
194,465.5
155,445
110,442.5
188,472
125,445.5
184,422
191,468.5
178,429
139,396.5
149,448
184,412.5
193,409
155,471.5
167,411
145,414.5
152,494
117,410.5
125,484
134,469.5
133,516
136,423.5
155,433
157,491.5
123,455
146,479.5
204,490
141,458.5
144,506
219,520.5
154,526
217,516.5
198,497
152,534.5
150,551
169,496.5
228,470
229,549.5
156,552
142,545.5
153,503
167,524.5
230,476
216,543.5
211,553
189,534.5
200,524
220,568.5
235,492
164,556.5
148,505
206,548.5
172,556
191,501.5
150,508
233,525.5
192,575
179,598.5
224,520
211,612.5
190,525
208,567.5
159,555
190,572.5
248,581
226,575.5
228,561
161,580.5
250,634
212,629.5
167,575
228,641.5
219,639
253,574.5
220,648
244,642.5
227,586
207,619.5
186,583
233,568.5
202,594
225,617.5
232,574
271,671.5
277,620
218,581.5
208,585
181,665.5
229,625
242,640.5
219,626
224,686.5
201,624
191,628.5
237,666
274,633.5
233,642
268,609.5
230,683
242,703.5
261,705
287,714.5
239,666
226,714.5
280,667
240,698.5
226,664
262,676.5
262,654
226,700.5
285,651
295,669.5
302,714
284,683.5
298,678
233,711.5
224,725
216,717.5
224,748
213,710.5
240,761
231,721.5
294,701
263,764.5
265,747
270,759.5
251,775
278,711.5
234,773
237,744.5
236,782
237,773.5
236,766
316,773.5
283,743
249,737.5
317,795
269,775.5
302,796
289,731.5
240,777
284,756.5
241,781
254,742.5
283,810
312,787.5
313,769
330,817.5
249,815
300,753.5
315,771
245,803.5
264,785
272,837.5
322,785
306,835.5
343,815
321,858.5
269,801
322,827.5
276,861
328,816.5
287,834
339,864.5
350,868
316,794.5
281,839
335,875.5
309,838
294,810.5
301,832
319,824.5
364,822
348,815.5
284,804
300,843.5
366,811
309,889.5
290,833
343,876.5
286,896
352,904.5
312,826
353,907.5
285,886
336,873.5
379,843
308,884.5
318,897
301,844.5
347,891
329,855.5
291,881
378,924.5
343,866
378,922.5
383,875
296,941.5
314,944
310,894.5
387,941
321,962.5
382,925
340,948.5
312,890
378,956.5
362,957
389,903.5
312,919
397,906.5
350,927
342,985.5
359,940
380,927.5
333,993
319,922.5
327,943
374,964.5
402,970
343,918.5
385,978
348,1004.5
405,995
321,975.5
323,977
387,932.5
405,938
416,973.5
371,957
390,965.5
387,1019
421,1025.5
391,1007
363,1004.5
398,970
340,996.5
362,1053
410,980.5
402,1046
405,991.5
368,1007
418,1041.5
434,1002
400,1021.5
388,1007
412,993.5
399,1004
388,1008.5
424,1022
375,993.5
398,1035
443,1080.5
386,1075
406,1061.5
410,1085
390,1052.5
373,1031
423,1031.5
406,1047
374,1071.5
419,1064
426,1095.5
425,1040
358,1027.5
411,1060
366,1088.5
388,1038
458,1054.5
446,1045
397,1137.5
455,1118
463,1059.5
418,1118
456,1108.5
374,1062
385,1078.5
379,1096
371,1137.5
381,1115
454,1078.5
412,1156
401,1136.5
423,1095
464,1105.5
410,1099
460,1154.5
430,1161
471,1138.5
432,1118
396,1146.5
478,1173
466,1097.5
406,1130
469,1180.5
475,1117
485,1129.5
394,1129
483,1160.5
489,1144
427,1195.5
400,1132
452,1127.5
491,1221
459,1221.5
481,1203
453,1206.5
409,1219
433,1216.5
423,1203
466,1199.5
486,1153
490,1230.5
491,1177
497,1232.5
422,1228
425,1174.5
502,1182
439,1198.5
437,1252
449,1224.5
432,1210
452,1197.5
498,1193
427,1229.5
506,1202
434,1249.5
457,1235
429,1206.5
505,1237
480,1286.5
451,1218
494,1265.5
477,1246
437,1227.5
467,1300
517,1214.5
523,1284
521,1285.5
531,1264
464,1301.5
511,1316
492,1285.5
488,1239
478,1259.5
506,1325
523,1324.5
516,1237
507,1262.5
496,1265
451,1332.5
522,1339
500,1316.5
520,1292
447,1274.5
545,1335
461,1281.5
532,1278
544,1293.5
491,1296
474,1323.5
539,1324
509,1330.5
518,1344
498,1290.5
510,1327
521,1361.5
559,1299
515,1357.5
477,1293
514,1353.5
554,1355
556,1366.5
503,1334
526,1327.5
539,1382
556,1360.5
560,1348
541,1361.5
537,1323
542,1331.5
535,1400
526,1331.5
476,1328
515,1391.5
542,1416
511,1383.5
484,1407
560,1375.5
494,1375
552,1375.5
554,1398
529,1404.5
535,1361
552,1363.5
514,1438
572,1393.5
559,1392
543,1380.5
585,1452
582,1373.5
525,1440
559,1404.5
544,1467
574,1387.5
531,1475
548,1434.5
555,1475
569,1440.5
562,1420
526,1475.5
575,1450
582,1434.5
551,1478
568,1489.5
531,1452
509,1458.5
585,1471
553,1433.5
571,1431
602,1458.5
583,1455
566,1495.5
599,1441
550,1467.5
522,1483
600,1504.5
586,1443
588,1446.5
614,1466
525,1507.5
555,1444
599,1451.5
544,1463
610,1526.5
615,1524
602,1511.5
592,1482
564,1556.5
628,1480
574,1517.5
560,1541
615,1562.5
621,1520
542,1504.5
567,1536
637,1539.5
602,1506
560,1564.5
583,1489
553,1569.5
570,1575
634,1534.5
554,1520
585,1556.5
641,1533
559,1524.5
555,1597
564,1600.5
590,1582
574,1581.5
583,1588
635,1562.5
651,1621
581,1612.5
612,1613
628,1561.5
629,1542
634,1564.5
595,1600
650,1618.5
658,1591
664,1595.5
605,1611
609,1579.5
654,1567
618,1569.5
656,1638
582,1593.5
605,1649
595,1651.5
647,1610
594,1611.5
630,1616
601,1613.5
637,1640
597,1632.5
592,1651
586,1588.5
615,1686
617,1608.5
599,1627
672,1647.5
655,1647
674,1601.5
625,1664
678,1614.5
595,1667
595,1620.5
649,1641
596,1630.5
686,1638
617,1624.5
639,1701
658,1652.5
676,1674
599,1674.5
682,1719
700,1685.5
691,1723
656,1665.5
652,1736
641,1650.5
613,1739
624,1713.5
629,1672
689,1720.5
704,1711
634,1696.5
645,1746
630,1676.5
645,1684
624,1734.5
672,1680
686,1719.5
713,1699
690,1774.5
689,1741
622,1760.5
674,1758
663,1714.5
667,1764
716,1783.5
653,1763
705,1711.5
678,1798
653,1737.5
643,1793
730,1779.5
726,1780
648,1755.5
676,1756
672,1782.5
734,1812
676,1726.5
651,1758
667,1786.5
644,1803
687,1817.5
680,1762
738,1779.5
665,1814
671,1778.5
704,1772
703,1801.5
693,1824
695,1793.5
661,1840
654,1820.5
677,1804
669,1803.5
728,1811
751,1799.5
723,1866
670,1831.5
677,1837
709,1871.5
692,1858
740,1874.5
715,1822
758,1887.5
671,1833
702,1864.5
742,1837
751,1800.5
751,1802
761,1813.5
766,1847
710,1872.5
707,1816
746,1820.5
738,1840
726,1868.5
727,1852
716,1828.5
743,1913
681,1854.5
759,1923
728,1841.5
766,1868
744,1858.5
715,1895
713,1871.5
780,1866
730,1930.5
711,1920
776,1893.5
733,1895
779,1953.5
712,1942
791,1950.5
712,1919
758,1967.5
791,1882
702,1953.5
740,1943
797,1904.5
772,1960
754,1950.5
799,1935
750,1961.5
720,1978
717,1953.5
783,1897
760,1996.5
740,1905
744,1955.5
717,2005
760,1963.5
773,1918
747,1917.5
739,2001
743,2016.5
779,1955
732,1984.5
799,1941
804,2026.5
720,2029
729,1963.5
771,1950
802,1973.5
740,1956
810,2019.5
791,2033
757,1975.5
820,1968
758,2023.5
782,1966
797,1974.5
827,1995
761,2040.5
781,1980
761,1969.5
798,2058
766,2037.5
738,1985
836,1995.5
815,2064
785,2024.5
762,2013
761,2054.5
838,2091
779,2040.5
754,2050
809,2002.5
834,2044
781,2038.5
757,2017
785,2078.5
848,2027
837,2110.5
778,2099
820,2070.5
772,2083
800,2061.5
845,2088
761,2110.5
820,2120
840,2054.5
803,2130
787,2067.5
799,2050
827,2086.5
836,2143
830,2115.5
779,2052
784,2141.5
804,2089
861,2109.5
865,2095
812,2144.5
868,2160
788,2123.5
858,2116
852,2097.5
816,2128
830,2152.5
791,2147
849,2165.5
795,2170
882,2166.5
819,2106
849,2163.5
832,2104
859,2190.5
828,2113
812,2191.5
847,2143
884,2148.5
873,2132
807,2185.5
865,2135
891,2153.5
879,2186
864,2221.5
798,2194
873,2164.5
833,2222
858,2166.5
851,2166
826,2229.5
896,2189
834,2193.5
841,2169
847,2217.5
851,2207
848,2220.5
835,2193
864,2219.5
864,2182
870,2168.5
901,2250
855,2190.5
842,2269
822,2201.5
896,2205
888,2249.5
847,2280
841,2247.5
843,2247
906,2205.5
891,2215
907,2286.5
837,2232
880,2262.5
836,2264
897,2299.5
928,2267
899,2285.5
841,2285
836,2301.5
888,2290
892,2300.5
859,2251
933,2268.5
880,2307
851,2238.5
895,2279
895,2300.5
876,2296
924,2281.5
917,2243
883,2315.5
859,2305
946,2271.5
932,2307
910,2344.5
930,2328
874,2262.5
852,2282
853,2306.5
906,2279
859,2276.5
915,2330
882,2368.5
875,2335
895,2369.5
920,2308
875,2357.5
899,2352
911,2310.5
884,2301
928,2294.5
898,2383
871,2332.5
926,2358
896,2314.5
938,2338
940,2337.5
913,2358
947,2372.5
879,2327
876,2384.5
965,2389
967,2350.5
910,2365
978,2334.5
880,2394
938,2366.5
930,2398
900,2346.5
953,2439
954,2382.5
914,2386
905,2419.5
973,2444
969,2396.5
944,2390
898,2402.5
892,2412
914,2449.5
982,2387
985,2409.5
930,2419
922,2457.5
959,2471
941,2409.5
991,2445
921,2404.5
956,2425
945,2481.5
934,2414
939,2479.5
914,2491
987,2407.5
952,2404
954,2488.5
932,2494
936,2466.5
947,2414
1005,2462.5
1010,2503
945,2459.5
965,2473
929,2480.5
1007,2481
967,2501.5
948,2514
978,2522.5
998,2474
1020,2459.5
963,2536
930,2458.5
1008,2529
950,2518.5
964,2467
946,2538.5
983,2556
955,2513.5
982,2498
943,2556.5
976,2525
999,2492.5
977,2493
948,2543.5
948,2537
1029,2481.5
995,2529
957,2573.5
1023,2526
1001,2506.5
950,2567
946,2505.5
1020,2575
1012,2576.5
1014,2578
1018,2565.5
984,2540
