x1,x2,y
-19,229,1102.4
18,-45,533.1
-11,584,2476.7
-88,810,3190.6
1,989,3834.6
10,786,3692.6
65,766,3119.1
60,108,959.4
-63,817,3975.4
-48,367,2117.5
5,676,2959.7
14,1046,4038.4
7,609,2694.2
40,809,3926.7
-35,262,1338.7
54,992,3917.4
11,936,4025.7
-36,461,2542.7
-27,867,3638.6
-38,317,1542.3
-33,571,2967.8
-68,138,671
-7,627,3152.6
62,269,1962.9
-59,519,2447.4
-28,333,1531.5
123,511,2298.2
26,346,1732
59,645,2911
-48,21,570.1
73,581,2801.8
130,785,3534.1
31,6,694.1
84,1022,3965.2
-5,194,1315.3
-16,794,3678.4
23,932,3911.5
-22,248,1644.6
61,169,1580
-40,59,861.7
137,-18,796.5
-40,102,974.8
-9,172,891.9
90,361,2171.7
-53,-20,923.5
-4,336,1666.8
133,556,2713.5
66,242,1674.8
115,664,3491.1
84,605,2613.5
-5,-35,782
32,920,3699.6
39,278,1288.3
6,645,2654.3
151,790,3447.9
16,1046,4112.6
151,510,2560.3
118,710,3227.6
71,873,4085
150,638,2846.6
-9,713,3131.2
-34,578,3058.4
21,383,1787.2
134,861,3988.1
15,554,2827.3
128,336,1721.2
115,767,3845.8
40,-19,679.1
55,498,2702.9
158,164,1679.2
75,886,3992.7
36,817,4022.7
-27,812,3415.1
58,235,1672.1
159,935,4160.4
56,536,2985
133,742,3653.3
158,129,961.1
149,1017,4150.6
84,984,4241
49,36,872.3
116,643,3392.3
115,931,4245.2
164,653,2939.9
-11,914,4387.5
90,1079,4463.1
149,829,4032.2
46,410,2397.8
51,206,1783.3
150,677,2861.3
143,49,811.4
146,914,4210
131,898,4232.9
48,1001,4370.5
63,159,1226.8
22,224,1404.8
103,743,3685.4
126,549,2688.5
121,715,3507.2
168,989,3988.7
67,905,4168.4
26,953,3880.7
145,-26,959.1
94,520,2716.6
133,912,3888.9
186,967,4144.3
125,364,1978.3
72,676,3150.8
41,528,2550.7
164,275,1398.7
135,130,938.5
178,551,2681.3
21,945,4249.8
48,145,1326.9
179,165,1116.4
40,261,1547.5
31,797,4074.2
132,1061,4509.5
79,918,4355.9
114,899,4113.5
201,-12,815.3
206,109,1180.3
215,347,1997.4
196,-45,921.3
191,394,2324.3
206,-29,992.7
103,464,2275.3
102,640,3530.6
219,807,3595.8
212,936,4406.6
105,398,2725.1
88,298,2064.8
207,206,1152.9
58,664,3070
159,686,3422.3
120,862,3754
81,473,2520.8
222,601,3022.5
135,180,1532.9
212,182,1415
187,818,3452.7
72,905,4584.9
145,336,2212.1
168,762,3960.2
195,116,1278.7
62,624,3059
51,125,1614.8
216,205,1423.7
205,309,2292.8
118,668,3386.8
87,338,2098.1
72,922,4175.4
227,217,1588.4
88,768,4034.6
91,262,1817.9
110,916,4353.2
167,780,3601.1
254,490,2862.4
113,701,3370.8
236,272,1830.6
229,543,2983.4
148,17,1058.5
121,992,4325.3
206,1019,4482.9
253,1015,4474.8
252,251,2117.5
205,549,3133.2
232,580,2781
209,-55,1036.8
158,610,2882.8
149,968,4595.3
232,908,4382.4
105,98,1255.7
202,730,3350.4
177,72,1345.7
236,150,1534.2
167,503,2541.2
130,377,1951.7
263,864,4107.7
274,314,1863.8
143,209,1524.4
98,1019,4705.9
195,616,3491.5
206,935,4032.9
235,217,2094.4
186,-14,1206.8
217,942,4022.3
226,48,1461.2
167,170,1814.3
132,216,1908.6
217,586,3146.1
200,31,1506.5
213,948,4319.9
292,828,3901.4
113,109,1656
276,452,2656.4
139,352,1993.9
136,273,2034.5
287,461,2430.6
190,783,3929.7
149,98,1623.1
258,124,1264.2
199,583,3051.2
270,101,1390.7
289,163,1595.4
290,662,3271.4
139,999,4741.4
206,158,1483.8
293,356,1936.3
242,704,3729.8
133,335,2399.4
194,1009,4439.9
181,446,3100.3
276,915,4124.9
217,856,4578.5
266,373,2105.7
271,921,4613.8
154,108,1794.2
303,124,1306.9
224,200,1481.8
299,915,4732.4
244,281,2292.1
189,237,1696
172,93,1419.3
167,45,1167.6
184,914,4781.4
291,28,1156.9
200,-17,1243.5
207,300,2272.7
262,493,2683.1
149,816,4153.9
282,14,1279.8
261,319,1981.8
326,618,3582.8
169,474,3085.9
228,134,1249.8
191,96,1681.1
138,-44,1359.2
317,580,3538.9
142,133,1738.5
179,774,4324.7
278,116,1356.6
237,719,4101.4
260,538,3267.8
247,1028,4824.7
202,-34,1061.8
331,245,1895.8
342,593,2873.5
155,909,4411.8
342,500,2981.8
163,647,3962
198,309,2012.5
239,493,2776.4
288,121,1211.5
277,212,1639.5
306,293,2420.3
235,259,2375.2
262,519,3392.3
191,905,4269.8
250,738,4016.4
277,842,4667.9
358,44,1321.2
233,-3,1245.6
282,362,2496.8
291,1050,4662.9
300,514,3216.6
263,882,4118.3
316,437,2897.9
363,293,2517
296,642,3590.6
349,215,1766.2
234,24,1465.4
297,781,4050
210,1010,4552
353,447,2943.4
250,622,3937.2
191,1009,4914.4
298,313,2436.1
233,627,3512.2
278,625,3842.7
185,803,4119
300,689,3775.1
283,811,4101.2
300,272,2048
345,741,4222.8
202,371,2556.7
195,578,3487.1
196,912,4514.2
233,389,2880.8
240,180,1686.8
247,477,3396.4
228,829,4346.3
305,393,2316.8
222,475,3053.9
249,423,2839.8
206,178,1534.8
325,928,4792.5
392,1037,4670.1
393,700,3961.7
364,360,2347.2
243,97,1501.2
270,859,4359.9
229,78,1403.3
268,153,1520.7
235,375,3003.8
330,34,1396.8
403,724,4329.9
366,71,1611.7
405,259,2358.2
392,271,2329.5
365,-1,1346
392,762,3827
297,6,1714.7
336,627,3455.5
253,902,4373.9
296,779,4440.7
305,369,2691.2
286,692,3996.2
273,145,1761.6
306,284,2052.6
389,328,2535.1
338,16,1583.6
335,981,4885.8
356,611,3791.3
367,397,3119.6
316,782,3965.2
337,560,3425.3
280,385,3062.7
355,1023,4807.6
410,-40,1504.4
373,159,1687.8
254,364,2775
245,735,4402
410,727,3901.5
243,538,3266.7
414,852,4334.8
271,471,3338.6
294,258,2498.6
353,560,3739.9
324,955,4945.3
327,991,4594.2
258,299,2645.1
253,568,3351.3
270,1033,4959.9
353,377,3035.2
246,78,1747.8
349,216,2008.1
292,312,2642.2
409,623,3936.8
322,851,4300.3
367,696,4293.3
346,403,2590.5
381,394,2471.9
340,12,1677.2
363,655,4139.4
434,713,4079.3
345,66,1571.5
422,59,1467.1
293,125,2043.6
270,511,3520.5
299,775,4699.2
416,141,2124.5
299,348,3023.9
364,24,1397.6
381,830,4238.1
278,955,4862.7
413,722,4170.3
412,290,2728
387,168,1776.9
272,277,2239.9
427,680,4149.5
448,602,3539.4
375,1018,5110.5
306,102,1711.6
319,231,2456.2
326,291,2699.9
297,379,2911
416,598,3775.4
427,777,4650.8
428,633,4021.5
321,832,4476.7
436,268,2763.6
459,700,4409.5
328,686,4101.8
355,533,3251
322,466,3343.2
479,417,2760
382,871,4879.1
347,836,4592.1
292,177,2256.9
361,502,3300.5
476,172,2046.6
355,606,3504.1
436,224,2400
445,533,3399.2
456,507,3505.1
449,954,5085.9
462,528,3571.6
365,322,2924.5
466,570,3356.2
327,893,4450
460,908,4797.2
337,553,3149
490,488,3465
339,930,5199.5
320,540,3307
499,542,3828.9
452,730,4026
439,213,2530.4
364,357,2527.9
373,7,1686
316,842,4948.2
389,615,3502.2
448,183,1879.3
499,178,2232.3
486,-2,1512.6
423,359,2759.6
434,985,5228.7
391,692,3954.9
486,369,2820.3
445,739,4094
374,753,4619.7
363,200,2447.5
484,88,1496.2
463,600,3762.7
346,970,4865
467,229,2083.4
440,448,3203.8
387,621,3762.8
454,148,2104.2
407,268,2534.7
446,519,3776.3
351,921,5122.8
470,236,2259.4
385,651,4309.8
442,128,2265.4
487,443,3554
342,-22,1683.6
511,775,4629.2
478,727,4130.9
515,1055,5128.8
386,298,2544.2
401,328,2481.1
370,897,5009.5
415,213,2367.8
414,294,3016
489,451,3403.6
358,235,2553.7
419,195,2531
542,604,3524
429,599,3871.4
390,320,3025.8
543,354,3234.1
406,234,2684.4
389,198,2176.5
502,205,2223.5
537,701,4126.2
396,637,4214.9
385,314,2637.5
380,647,3970.1
523,230,2583.1
390,46,1793
501,536,4011.9
498,495,3203.1
561,100,1969.1
462,391,2995.7
545,448,3094.9
372,422,2992.4
411,484,3551.3
558,798,4632.6
485,722,4416.3
486,746,4334.2
437,17,1845.4
460,395,3552.7
479,461,3084
522,247,2343.5
471,216,2208.1
456,304,3068.8
551,482,3314.5
434,865,4726.5
563,68,1828.9
456,561,3916.9
433,806,4720.5
398,222,2272.4
429,627,4234
574,128,2530.8
439,1057,5295.2
390,106,1947.8
401,359,3329
480,900,5108.2
413,487,3612.6
426,473,3598.3
521,86,2256.5
558,345,2965.7
507,543,3546.8
586,164,2153
471,421,3054
572,607,3640.5
435,771,4369.8
426,672,3879.6
535,94,2211.5
600,967,5016.1
405,760,4309.1
414,739,4708.9
413,247,2617.6
586,567,3943.1
453,-69,1890.8
518,537,3515.3
525,38,1811.3
592,685,3969.7
537,465,3309.6
426,452,3175
603,949,4899
576,90,2463.2
441,639,4206.4
550,598,4257
561,665,4188.4
434,30,1770.2
505,723,4566
604,220,2862.8
525,847,4767.8
584,876,4872.8
447,920,4877.1
424,456,3696.4
491,719,4105
536,142,2740.4
525,371,3396.2
466,290,3147.4
539,682,4322.9
586,234,2403.6
503,695,4430.2
560,556,3569
497,908,5605.1
444,900,5200.6
567,297,2599.4
580,96,2268.6
509,364,3358.1
470,415,3762.5
447,170,2327.7
570,783,4999.3
571,366,3595.5
474,81,1898.1
591,89,2031
560,265,2918.3
547,332,3172.1
636,460,3367
551,288,3213.9
604,248,2435
547,610,4381.7
526,658,4343.2
601,162,2695.3
566,569,4017.9
525,253,2906.2
590,844,5027.4
507,529,3797.2
648,481,3952.9
495,788,5048.7
496,289,3169.3
641,672,4534.7
620,433,3403.7
485,99,2063.4
660,1044,5544.4
639,621,4195.4
582,713,4602.9
583,575,4130.8
592,105,2157.3
575,923,5185.4
516,167,2419.5
489,388,3309.5
634,564,4256
619,867,5358.6
496,518,3563.8
553,-20,2100.9
514,215,2539.9
549,917,5461
554,335,3485.5
499,104,2145.5
590,842,4741.2
519,388,3203.9
620,745,4494.5
651,282,3341.3
562,476,3515.2
495,656,4452.1
582,143,2127.9
539,777,4688.2
600,935,5643.5
495,196,2376.5
616,769,5107.9
549,770,4659.5
582,893,5024.1
643,795,4490
584,526,3900.2
509,514,3580.7
534,22,2319.2
623,247,2820
660,913,5015.3
505,240,2680.7
642,681,4510.1
673,667,4718.8
522,110,2238.2
613,465,3534.2
606,197,2390.3
593,883,5684.8
702,83,2107.3
633,668,4633.3
554,919,5380.3
559,138,2893.9
562,455,3564.3
673,331,3297.4
678,226,2730.6
663,438,3906.5
674,336,3307.6
591,579,4224.8
628,18,2223.8
699,733,4620
580,345,3336.1
587,164,2745.7
608,138,2761
545,594,4441.3
554,918,5547.6
671,479,3977.8
646,884,5275.2
569,798,4735.1
586,234,2951.2
651,167,2848.8
594,688,4756
529,670,4649.5
668,57,2388.7
687,696,4719.1
726,100,2692.8
631,836,5269.3
672,-60,2209.8
693,215,2672
696,421,3472.9
663,407,3880.6
550,97,2657.5
603,271,2940.8
582,752,4543.8
675,849,5343.6
726,759,5152.3
645,512,4204.3
640,396,3841.2
681,62,2429.3
656,97,2251.3
645,344,3429.9
720,595,4055.5
697,370,3892.7
686,410,3473
729,838,5002.3
628,346,3113.4
555,217,3242.8
728,521,3926.7
565,750,4622.9
588,123,2388.5
601,335,2970
592,109,2884.1
737,59,2177.8
664,392,3540.4
583,362,3221.1
730,597,4182.1
567,614,4686.9
616,499,4112.7
735,764,5222.3
640,31,2576.5
741,711,5074.2
612,298,3522.8
631,974,5608.7
754,588,4476.6
661,898,5533.1
652,694,4817.2
605,180,2719.1
750,156,3099.2
709,428,3719.5
582,442,3691.4
769,323,3640.8
680,729,4724.7
615,469,4187.2
768,73,2400.7
643,161,3021.6
732,586,4333.8
695,801,4929
592,244,2898.8
749,871,5465
640,960,5841.6
779,880,5370.1
734,394,4056.8
739,114,2507.5
758,131,2880.1
727,912,5357.3
690,292,3308.2
727,642,4439.7
726,217,3420.9
649,829,5277.4
610,242,3287.8
787,281,2998
672,753,4821.1
737,874,5570.1
684,805,5489.1
691,871,5645.6
784,582,4778.2
729,107,2750.2
630,503,3847.5
683,810,5251.9
672,523,4472.3
619,601,4279.4
782,1022,5717.4
741,441,4073.4
680,832,5044
771,-33,2522.6
706,671,4767.9
783,393,3652.8
664,230,3429.4
765,450,3956.3
804,919,5581.9
773,75,2832.6
800,974,5809.6
641,467,3720
686,671,4835.1
685,311,3667.6
770,110,2606
791,62,2729.3
686,133,2960.7
791,992,5834.3
762,278,3244.6
717,232,3443.9
638,727,5041.1
663,244,3575.5
686,235,2765.9
675,365,3948
732,685,4990.3
739,740,5448.7
736,711,4848.9
721,257,3601.2
638,1035,5835.7
727,756,4769.3
808,921,5568.9
831,136,2979.9
692,531,4348.3
829,335,3877
680,338,3732
791,589,4573.4
802,198,3013.6
651,822,5623.5
736,737,4645.1
819,194,3253.3
682,575,4266.5
711,686,5229.7
708,835,5290.5
757,886,5692.7
754,909,5760.5
767,497,4438.4
792,69,2860.9
715,750,4763.1
806,-50,2424.4
723,521,4493.2
750,41,2572.5
717,714,5065.9
844,-15,2784.1
807,34,2609.9
754,765,5162.5
773,1031,5986.8
766,1079,6141.5
717,710,4859.1
766,878,5799.6
827,514,4593.9
806,585,4596.5
763,171,3230.4
862,787,5320.9
815,722,5016.7
780,103,2820.9
773,972,5914.7
858,288,3526.8
791,775,5666
688,534,4642.4
705,847,5338.8
808,774,5491.8
757,64,2894.5
682,161,2869.9
781,848,5153.3
758,735,5144.5
875,189,3447.2
772,178,3069.6
845,200,3008.9
786,844,5575.6
709,205,3156.6
764,65,2460.5
831,851,5466.2
738,674,5328.8
843,774,5307.7
814,473,4202.5
831,170,3366.3
720,238,3057.8
873,41,2668.4
862,212,3200.4
785,-23,2742.4
830,600,4894.8
871,409,3707
760,862,6000
843,530,4129.3
744,675,5069.9
807,579,4585
746,177,3011.3
861,357,4051.2
720,330,3879.6
751,721,5185.4
844,391,3942.9
871,116,2996.9
774,343,3782.9
711,622,4752.1
782,322,4006.2
899,449,3822.8
774,319,3651.1
755,103,2956.4
894,693,4980.1
845,150,3065.7
726,703,5470.3
759,291,3572.8
898,477,4491.7
767,827,5724.4
726,290,3617.6
899,637,4993.4
734,334,4069.4
753,404,3802.3
812,544,4823.4
879,957,5918.8
732,432,4403
829,476,4045.5
910,207,3771.9
791,483,4748.2
840,834,5526
759,145,3196.2
732,561,4426.7
821,243,3339.2
858,918,6341
853,796,5465.7
770,761,5432.7
753,695,4894.2
876,374,4279.8
825,-6,2722.7
748,692,5028.8
803,756,5573.9
814,308,3807.2
839,818,5743.1
924,428,4366.2
905,565,4949.2
772,-49,2777.7
805,575,4502.8
864,141,2919.9
757,224,3123.9
794,95,3421.1
823,851,5926.2
798,787,5470.3
875,690,5147.3
840,913,6032.9
911,201,3390
786,187,3297.3
839,312,3948.9
800,232,3420.2
955,-37,2764.2
920,608,5099.8
785,762,5634.3
820,20,3018.6
955,696,4999.1
956,518,4448.8
959,740,5671.1
884,156,3363.4
807,148,3138.5
846,475,4812.1
963,44,2713.3
826,421,4324.9
853,392,4233.7
794,-8,2772.6
829,427,4084.2
928,669,4958.7
947,471,4533.8
870,274,3778.6
917,783,5689.4
958,518,4597
869,317,4168
866,861,5906.9
851,829,5687
918,447,4627.1
889,285,3613
914,281,3642.1
903,785,5513.4
958,529,4648.1
849,54,3183.9
914,46,2825.6
811,85,2937.2
862,635,4946.7
875,131,3048.2
860,895,6185.3
827,560,4650.3
990,322,4124.2
885,584,4710.5
870,627,5011.3
953,197,3353.8
804,654,5304.2
977,345,3573.4
988,828,6100.8
971,693,5151
996,148,3656.2
969,289,3562.6
868,145,3149.7
981,218,3602.9
950,962,6513.4
875,452,4174.9
906,536,4721
947,415,4146.4
854,239,3414.9
833,487,4435.8
864,846,5814.8
927,1035,6374.4
852,624,5102
1003,465,4367.4
984,909,6246.5
913,558,4782.3
998,234,3389.4
1013,472,4473.3
946,986,6393.2
1003,421,4262.2
1016,656,4929.8
975,61,3420
904,853,5850.1
869,165,3433.8
968,745,5579.5
931,101,3058.8
974,136,3049.6
1001,697,5533.4
1008,285,4309.5
847,154,3222.1
908,91,2815.7
899,818,5802.3
924,103,2801.5
869,584,4804.5
842,1001,6418.7
931,367,4241.2
914,649,5577.9
891,470,4699.5
900,149,3048.5
1035,535,4809.4
958,389,3932.5
875,298,4182.7
976,971,6291.7
871,646,5334.7
938,423,4373.5
1035,737,5996
950,566,4902.2
907,231,3608.2
974,718,5275
955,98,2901.9
872,501,4592.7
863,755,5447.4
952,574,5073.8
1041,330,3922.7
930,675,5368.5
919,103,3346.8
1024,796,5707.2
879,994,6270.7
1052,208,3445.4
929,812,6074.3
894,306,4110.2
973,616,5446.5
1002,297,4390.1
955,245,3750.2
962,77,2954.3
877,405,4207.8
1000,963,6175.1
991,130,3271.9
972,512,4671.6
917,501,4435.4
974,521,5112.1
1045,131,3441.8
1008,777,5940.9
911,434,4275.3
998,854,6194.2
977,623,5074
1066,789,5936.1
1063,444,4516.1
938,654,5786.8
973,711,5805.8
1014,721,5948.5
1051,569,4886.4
988,20,3364.6
961,954,6321.3
922,823,5875.5
953,839,6250.2
926,559,4643.1
1031,692,5695.1
970,986,6395.6
971,723,5336
912,536,4996.2
933,963,6457.8
946,166,3701.4
997,878,6113.5
1010,231,4269.1
979,335,4440.2
902,673,5168.1
1087,659,5547
958,879,5888.5
